{
	"era": "steam",
	"name": "J1A Texas Class",
	"works": "PRR Juniata Shops",
	"model": "immersiverailroading:models/rolling_stock/locomotives/j1a_texas/j1a_texas.obj",
	"darken_model": "-0.05",
	"properties": {
		"max_psi": 270,
		"water_capacity_l": 79000, 
		"horsepower": 4600,
		"tractive_effort_lbf": 95484,
		"max_speed_kmh": 120,
		"valve_gear": "walschaerts",
		"weight_kg": 263072
	},
	"firebox": {
		"slots": 24,
		"width": 8
	},
	"passenger": {
		"slots": 4,
		"center_x": -9.5,
		"center_y": 2.3,
		"length": 0.5,
		"width": 2.5
	},
	"trucks": {
		"front": 3.5, 
		"rear": -3.5
	},
	"couplers": {
		"front_offset": -0.08,
		"rear_offset": -1
	},
	"sounds": {
		"whistle": "sounds/steam/j1a_sounds/whistle.ogg",
		"idle": "sounds/steam/j1a_sounds/idle.ogg",
		"chuff": "sounds/steam/j1a_sounds/chuff.ogg"
	}
}