{
	"era": "steam",
	"name": "T1",
	"works": "Baldwin Locomotive Works",
	"model": "immersiverailroading:models/rolling_stock/locomotives/t1/t1.obj",
	"darken_model": "-0.05",
	"properties": {
		"max_psi": 300,
		"water_capacity_l": 72680, 
		"horsepower": 6000,
		"tractive_effort_lbf": 44460,
		"max_speed_kmh": 225,
		"valve_gear": "t1",
		"weight_kg": 227800
	},
	"firebox": {
		"slots": 32,
		"width": 8
	},
	"passenger": {
		"slots": 3,
		"center_x": -8.8,
		"center_y": 2.2,
		"length": 0.7,
		"width": 2.6
	},
	"trucks": {
		"front": 2.7, 
		"rear": -2.7
	},
	"couplers": {
		"front_offset": -0.08,
		"rear_offset": -0
	}
}